n,count,reach_rate,mean_days,median_days
10,440995,0.5774937273779654,531.17351408027,344.44913194444445
30,158671,0.20778355132550064,832.7356174654835,600.4482060185185
50,95592,0.1251800596095522,987.3204463923691,742.468744212963
100,46410,0.06077502894048997,1215.0378317649354,939.190162037037
