n,mean_days,median_days
10,315.3944161259945,157.35516782407404
30,579.0007916985883,364.7115393518518
50,762.5398707928329,521.0121006944444
200,1464.8647839756209,1161.912361111111
