n,mean_days,median_days
10,315.3944161259945,157.35516782407404
30,579.0007916985883,364.7115393518518
50,762.5398707928329,521.0121006944444
100,1215.0378317649354,939.190162037037
